OBJECTID,FEATURETYPE,UNIQUE_RECORD_ID,GA_ID,UNIQUE_SITE_ID,AUTHORITY,LICENCE_NO,CO_LOCATED,FACILITY_MANAGEMENT_TYPE,FACILITY_INFRASTRUCTURE_TYPE,FACILITY_OWNER,FACILITY_NAME,ADDRESS,SUBURB,STATE,POSTCODE,OPERATIONAL_STATUS,SPATIAL_CONFIDENCE,CAPTURE_METHOD,GNAF_ADDRESS_DETAIL_PID,GNAF_FORMATTED_ADDRESS,GNAF_SUBURB,GNAF_POSTCODE,GNAF_CONFIDENCE,GNAF_DATE_CREATED,GNAF_DATE_LAST_MODFIED,GNAF_DATE_RETIRED
6007,Waste Management Facility,WASTVIC1321,1216.0,VIC01161,,,,DROP-OFF,TRANSFER STATION,NORTHERN GRAMPIANS SHIRE COUNCIL,HALLS GAP TRANSFER STATION,45 DEVILS GARDEN ROAD,FYANS CREEK,VIC,3381,CLOSED,1,RETIRED SPATIAL DATA,,,,,,,,
5993,Waste Management Facility,WASTNSW1748,1735.0,NSW01485,,,,DROP-OFF,TRANSFER STATION,,YARRAMAN LANDFILL CONTROLLED WASTE FACILITY,MUNGINDI ROAD,MOREE,NSW,2400,CLOSED,1,RETIRED SPATIAL DATA,,,,,,,,
231,Waste Management Facility,WASTNSW379,,NSW00324,,,YES,DISPOSAL,LANDFILL – PUTRESCIBLE,UPPER LACHLAN SHIRE COUNCIL,COLLECTOR WASTE AND RECYCLING CENTRE,CURRAWANG ROAD,CURRAWANG,NSW,2580,CLOSED,1,SPATIAL AS RECEIVED – NO GNAF MATCH,,,,,,,,
1454,Waste Management Facility,WASTTAS60,,TAS00049,,,,DROP-OFF,TRANSFER STATION,WEST COAST COUNCIL,GORMANSTON TRANSFER STATION,LYELL STREET,GORMANSTON,TAS,7466,CLOSED,1,SPATIAL AS RECEIVED – NO GNAF MATCH,,,,,,,,
5992,Waste Management Facility,WASTNSW380,20.0,NSW00324,,,YES,DROP-OFF,TRANSFER STATION,UPPER LACHLAN SHIRE COUNCIL,COLLECTOR WASTE AND RECYCLING CENTRE,CURRAWANG ROAD,CURRAWANG,NSW,2580,CLOSED,1,RETIRED SPATIAL DATA,,,,,,,,
6001,Waste Management Facility,WASTSA869,1868.0,SA00757,,,,DROP-OFF,TRANSFER STATION,WATTLE RANGE DISRICT COUNCIL,PENOLA TOWER ROAD REFUSE DEPOT ,TOWER ROAD,PENOLA,SA,5277,CLOSED,1,RETIRED SPATIAL DATA,,,,,,,,
6011,Waste Management Facility,WASTWA1231,2724.0,WA00988,,,,DROP-OFF,TRANSFER STATION,VEOLIA ENVIRONMENTAL SERVICES (AUSTRALIA) PTY LTD,BIBRA LAKE,4-6 RIVER STREET,BIBRA LAKE,WA,6163,CLOSED,1,RETIRED SPATIAL DATA,,,,,,,,
2153,Waste Management Facility,WASTACT34,1.0,ACT00032,,,,DROP-OFF,TRANSFER STATION,ACT GOVERNMENT,WEST BELCONNEN RESOURCE MANAGEMENT CENTRE,181 PARKWOOD ROAD,MACNAMARA,ACT,2617,CLOSED,1,SPATIAL AS RECEIVED – NO GNAF MATCH,,,,,,,,
6005,Waste Management Facility,WASTSA873,2914.0,SA00760,,,YES,DROP-OFF,TRANSFER STATION,ADELAIDE HILLS COUNCIL,MOUNT CHARLES WASTE AND RECYCLING DEPOT,LOT 106 QUARRY ROAD,CHARLESTON,SA,5244,CLOSED,1,RETIRED SPATIAL DATA,,,,,,,,
6009,Waste Management Facility,WASTVIC1323,1916.0,VIC01163,,,,DROP-OFF,TRANSFER STATION,MOUNT ALEXANDER SHIRE COUNCIL,REDESDALE TRANSFER STATION,RACECOURSE ROAD,REDESDALE,VIC,3444,CLOSED,1,RETIRED SPATIAL DATA,,,,,,,,
6002,Waste Management Facility,WASTSA870,1869.0,SA00758,,,,DROP-OFF,TRANSFER STATION,WATTLE RANGE DISTRICT COUNCIL,TANTANOOLA WASTE DEPOT AND TRANSFER STATION ,KENNEDY ROAD,TANTANOOLA,SA,5280,CLOSED,1,RETIRED SPATIAL DATA,,,,,,,,
6008,Waste Management Facility,WASTVIC1322,1910.0,VIC01162,,,,DROP-OFF,TRANSFER STATION,GREATER BENDIGO CITY COUNCIL,NEILBOROUGH TRANSFER STATION,RAYNERS ROAD,NEILBOROUGH,VIC,3570,CLOSED,1,RETIRED SPATIAL DATA,,,,,,,,
