postcode,installs,kw
2751,21,1324.897
4271,358,1009.008
3671,176,815.27
4513,112,757.465
3676,158,670.7
3632,53,626.785
3164,21,550.2
3619,95,468.92
3689,110,441.096
0871,59,438.22
3643,67,395.01
0801,13,389.598
0851,48,383.375
3502,53,337.295
2057,31,277.495
4001,17,267.426
5001,13,239.29500000000002
0881,19,189.91
2616,13,183.915
0821,8,165.543
3724,18,152.945
3736,34,152.16
2124,6,147.085
0861,24,136.115
1790,5,128.22
1640,3,114.675
3661,37,114.304
4219,20,110.925
7051,25,107.485
7001,6,104.26
3694,15,97.89399999999999
3402,23,90.74000000000001
2520,7,89.22
0813,7,85.54899999999999
0804,16,84.86999999999999
3552,22,84.815
6923,6,83.39
3353,12,67.2
1765,12,62.76
6966,5,59.91
4004,8,57.42
3176,7,53.38
6231,18,50.41
6914,4,50.059999999999995
4230,11,47.12
0831,10,45.38
6955,15,44.5
6944,4,43.51
1730,8,43.49
2059,3,43.36
7006,10,42.325
6910,2,41.394
6947,1,39.96
6953,6,37.495000000000005
6926,8,36.54
3853,9,36.365
6531,8,36.0
1685,5,35.964999999999996
6959,5,35.439
1595,5,35.26
1630,7,33.785
3354,2,33.04
4475,3,32.95
1660,4,31.905
1655,4,29.88
1755,5,29.005
6921,8,28.85
1495,4,27.22
6922,9,26.52
6433,7,26.165
6992,8,25.61
1860,3,25.419999999999998
1710,3,24.6
1570,3,24.479999999999997
6964,7,23.344
1890,6,22.19
2109,1,21.12
1670,2,21.040000000000003
6979,4,21.02
1475,4,20.285
6909,5,20.2
1680,3,20.169999999999998
6968,7,19.8
6989,4,19.799999999999997
6933,6,18.384999999999998
0814,4,18.240000000000002
6332,6,17.126
6917,1,17.0
6915,4,16.4
6985,5,15.649999999999999
6991,6,15.37
1800,2,14.760000000000002
1805,2,14.72
6946,5,14.68
6981,4,14.504999999999999
5071,3,14.16
6924,5,14.06
7002,3,13.5
1885,5,13.29
6990,4,12.52
6952,4,11.84
0803,2,11.685
4857,3,11.36
1465,1,10.56
1750,1,10.56
1741,1,10.0
6935,3,9.77
6982,3,9.74
6943,3,9.719999999999999
6001,3,9.34
1490,2,9.3
1835,2,9.025
6906,3,9.02
0811,2,9.0
6916,3,8.25
1871,2,8.17
6907,2,8.132000000000001
6963,4,8.065
6929,2,8.01
4002,1,7.905
6957,3,7.24
6954,4,7.2
8576,2,6.84
1355,2,6.83
6934,3,6.67
1825,1,6.6
6903,3,6.5
6911,3,6.4
3554,2,6.390000000000001
6920,2,6.2
6901,2,6.12
1830,1,6.08
6912,4,6.03
1470,2,5.8100000000000005
6931,3,5.72
1675,1,5.59
6331,2,5.59
6904,2,5.04
1658,1,5.04
1560,1,5.025
5312,1,5.0
6872,1,5.0
1480,2,4.88
6913,2,4.825
6988,3,4.78
1460,1,4.75
6984,3,4.640000000000001
6941,1,4.64
0000,4,4.46
6918,3,4.1
2901,1,3.5
2123,1,3.42
4276,1,3.3
6951,2,3.1
1715,2,3.01
7802,1,2.45
2055,1,2.4
6902,1,2.28
1485,1,2.0
6956,1,1.67
1875,1,1.61
1435,1,1.54
4345,1,1.52
4062,1,1.5
4803,1,1.48
4063,1,1.25
5875,1,1.16
1340,1,1.14
1848,1,1.04
5207,1,0.96
6643,1,0.96
4237,1,0.92
9729,1,0.875
2552,1,0.56
6013,1,0.375
5175,1,0.3
0200,1,0.08
